المجموعة,الكلمة المفتاحية,صيغ تُفحص معها,بحث السعودية,بحث الخليج,بحث كل العربية,التغير السنوي %,شهر الذروة,النية,هل يظهر ملخص الذكاء الاصطناعي؟,من يحتل المراكز الثلاثة,عمق المحتوى الأول,الحكم
التسويف,التسويف,تسويف / التسويف وعلاجه,,,,,,,,,,
التسويف,كيف اتخلص من التسويف,كيف أتخلص من التسويف,,,,,,,,,,
التسويف,اسباب التسويف,أسباب التسويف,,,,,,,,,,
التسويف,علاج التسويف,,,,,,,,,,,
التسويف,التاجيل المستمر,التأجيل المستمر,,,,,,,,,,
التشتت,التشتت,تشتت / التشتت الذهني,,,,,,,,,,
التشتت,عدم التركيز,ضعف التركيز,,,,,,,,,,
التشتت,كيف اركز,كيف أركز على هدف واحد,,,,,,,,,,
التشتت,تشتت الافكار,تشتت الأفكار,,,,,,,,,,
التشتت,كثرة الافكار,كثرة الأفكار وعدم التنفيذ,,,,,,,,,,
عدم الإكمال,لماذا ابدا ولا اكمل,لماذا أبدأ ولا أكمل,,,,,,,,,,
عدم الإكمال,عدم اكمال المشاريع,عدم إكمال المشاريع,,,,,,,,,,
عدم الإكمال,كيف اكمل ما بدأته,كيف أكمل ما بدأته,,,,,,,,,,
عدم الإكمال,ترك المشاريع في المنتصف,,,,,,,,,,,
الحماس,فقدان الشغف,فقدان الشغف بالعمل,,,,,,,,,,
الحماس,اختفاء الحماس,يختفي الحماس بعد البداية,,,,,,,,,,
الحماس,كيف استعيد حماسي,كيف أستعيد حماسي,,,,,,,,,,
الحماس,ادمان البدايات,إدمان البدايات الجديدة,,,,,,,,,,
الكمالية,الكمالية,كمالية / الكمالية المرضية,,,,,,,,,,
الكمالية,الخوف من الخطا,الخوف من الخطأ,,,,,,,,,,
الكمالية,الخوف من الفشل,,,,,,,,,,,
الكمالية,كيف اتخلص من الكمالية,كيف أتخلص من الكمالية,,,,,,,,,,
الكمالية,لا اسلم عملي حتى يكمل,لا أسلّم عملي,,,,,,,,,,
الإنهاك,الاحتراق الوظيفي,الإحتراق الوظيفي,,,,,,,,,,
الإنهاك,الاحتراق النفسي,الإرهاق النفسي,,,,,,,,,,
الإنهاك,الارهاق المستمر,الإرهاق المستمر,,,,,,,,,,
الإنهاك,احتراق وظيفي عند النساء,الاحتراق الوظيفي للنساء,,,,,,,,,,
الإنهاك,كيف اقول لا,كيف أقول لا,,,,,,,,,,
التجنب,تجنب المهام,تجنب المهام الصعبة,,,,,,,,,,
التجنب,اؤجل المكالمات,تأجيل المواجهة,,,,,,,,,,
التجنب,الخوف من المواجهة,,,,,,,,,,,
الكسل,الكسل,الكسل وعلاجه,,,,,,,,,,
الكسل,كيف اتخلص من الكسل,كيف أتخلص من الكسل,,,,,,,,,,
الكسل,اسباب الكسل,أسباب الكسل والخمول,,,,,,,,,,
الكسل,الخمول وقلة النشاط,,,,,,,,,,,
التخطيط,التخطيط المفرط,كثرة التخطيط وقلة التنفيذ,,,,,,,,,,
التخطيط,كيف انظم وقتي,كيف أنظم وقتي,,,,,,,,,,
التخطيط,تنظيم الوقت,ادارة الوقت / إدارة الوقت,,,,,,,,,,
التخطيط,جدول يومي,تنظيم اليوم,,,,,,,,,,
الذنب,الشعور بالذنب,الشعور بالتقصير,,,,,,,,,,
الذنب,جلد الذات,لوم النفس,,,,,,,,,,
الذنب,الشعور بعدم الانجاز,الشعور بعدم الإنجاز,,,,,,,,,,
التفكير الزائد,التفكير الزائد,كثرة التفكير,,,,,,,,,,
التفكير الزائد,الاجترار,اجترار الافكار / اجترار الأفكار,,,,,,,,,,
التفكير الزائد,لماذا تفكر النساء كثيرا,لماذا تفكر النساء كثيرًا,,,,,,,,,,
الطاقة,تنظيم الطاقة,ادارة الطاقة / إدارة الطاقة,,,,,,,,,,
الطاقة,قلة الطاقة,انخفاض الطاقة,,,,,,,,,,
الأنماط والاختبارات,اختبار الشخصية,اختبار شخصية مجاني,,,,,,,,,,
الأنماط والاختبارات,mbti بالعربي,اختبار mbti,,,,,,,,,,
الأنماط والاختبارات,انماط الشخصية,أنماط الشخصية,,,,,,,,,,
الأنماط والاختبارات,اختبار الانتاجية,اختبار الإنتاجية,,,,,,,,,,
تجاري,كتب تطوير الذات,افضل كتب تطوير الذات,,,,,,,,,,
تجاري,كتاب عن التسويف,كتب عن التسويف,,,,,,,,,,
تجاري,برنامج تنظيم الوقت,تطبيق تنظيم المهام,,,,,,,,,,
تجاري,دورة تطوير ذات,كورس تطوير الذات,,,,,,,,,,
